{
	"name": "dnd4eBeta",
	"title": "4th Edition Beta",
	"description": "A minimalist custom test build of 4th Ed.",
	"version": "0.0.6",
	"minimumCoreVersion": "0.7.5",
	"compatibleCoreVersion": "0.7.9",
	"templateVersion": 2,
	"author": "EndlesNights",
	"esmodules": ["module/dnd4eBeta.js"],
	"styles": ["styles/dnd4eBeta.css"],
	"packs": [],
	"languages": [
		{
			"lang": "en",
			"name": "English",
			"path": "lang/en.json"
		}
	],
	"socket": true,
	"initiative": "1d20 + @init.value + (@init.value / 100)",
	"gridDistance": 1,
	"gridUnits": "sq",
	"primaryTokenAttribute": "health",
	"secondaryTokenAttribute": "power",
  	"url": "https://github.com/EndlesNights/dnd4eBeta",
	"manifest": "https://raw.githubusercontent.com/EndlesNights/dnd4eBeta/master/system.json",
	"download": "https://github.com/EndlesNights/dnd4eBeta/raw/master/dnd4eBeta.zip"
}
