{
	"name": "dnd4eBeta",
	"title": "4th Edition Beta",
	"description": "A minimalist custom test build of 4th Ed.",
	"version": "0.2.2",
	"minimumCoreVersion": "0.8.5",
	"compatibleCoreVersion": "0.8.6",
	"templateVersion": 2,
	"author": "EndlesNights",
	"esmodules": [
		"module/dnd4eBeta.js"
		],
	"styles": [
		"styles/dnd4eBeta.css"
	],
	"packs": [],
	"languages": [
		{
			"lang": "en",
			"name": "English",
			"path": "lang/en.json"
		}
	],
	"socket": true,
	"initiative": "1d20 + @attributes.init.value + (@attributes.init.value / 100)",
	"gridDistance": 1,
	"gridUnits": "sq",
	"primaryTokenAttribute": "attributes.hp",
	"secondaryTokenAttribute": null,
  	"url": "https://github.com/EndlesNights/dnd4eBeta",
	"manifest": "https://raw.githubusercontent.com/EndlesNights/dnd4eBeta/dev8/system.json",
	"download": "https://github.com/EndlesNights/dnd4eBeta/raw/dev8/dnd4eBeta.zip"
	
}
