{
"Actor": {
	"types": ["Player Character","NPC"],
	"templates":{
		"common":{
			"abilities":{
				"str":{
					"value": 10,
					"chat": "@name uses @label."
				},
				"con":{
					"value": 10,
					"chat": "@name uses @label."
				},
				"dex":{
					"value": 10,
					"chat": "@name uses @label."
				},
				"int":{
					"value": 10,
					"chat": "@name uses @label."
				},
				"wis":{
					"value": 10,
					"chat": "@name uses @label."
				},
				"cha":{
					"value": 10,
					"chat": "@name uses @label."
				}
			},
			"biography": "",
			"health": {
				"value": 10,
				"min": 0,
				"max": 10,
				"starting": 10,
				"perlevel": 5,
				"feat": 0,
				"misc": 0,
				"autototal": false,
				"temprest": false
			},		
			"init": {
				"value": 0,
				"ability": "dex",
				"bonus": [{}],
				"notes": ""
			},
			"actionpoints":	{
				"value": 1,
				"encounteruse": false,
				"effects": "",
				"notes": ""
			},
			"magicItemUse": {
				"perDay": 1,
				"bonusValue": 0,
				"milestone": 0,
				"dailyuse": 0,
				"encounteruse": false
			},
			"defences": {
				"ac": {
					"value": 10,
					"ability": "",
					"armour": 0,
					"class": 0,
					"feat": 0,
					"enhance": 0,
					"bonus": [{}],
					"temp": 0,
					"light": true,
					"altability": "",
					"condition": "Conditional Bonuses.",
					"chat": "@name defends with armour."
				},
				"fort": {
					"value": 10,
					"ability": "",
					"armour": 0,
					"class": 0,
					"feat": 0,
					"enhance": 0,
					"bonus": [{}],
					"temp": 0,
					"condition": "Conditional Bonuses.",
					"chat": "@name defends with fortitude."
				},
				"ref": {
					"value": 10,
					"ability": "",
					"armour": 0,
					"class": 0,
					"feat": 0,
					"enhance": 0,
					"bonus": [{}],
					"temp": 0,
					"condition": "Conditional Bonuses.",
					"chat": "@name defends with reflexes."
				},
				"wil": {
					"value": 10,
					"ability": "",
					"armour": 0,
					"class": 0,
					"feat": 0,
					"enhance": 0,
					"bonus": [{}],
					"temp": 0,
					"condition": "Conditional Bonuses.",
					"chat": "@name defends with willpower."
				}	
			},
			"details": {
				"level": 1,
				"exp": 0,
				"class": "",
				"paragon": "",
				"epic": "",
				"race": "",
				"size": "med",
				"age": "",
				"gender": "",
				"height": "",
				"weight": "",
				"alignment": "",
				"deity": "",
				
				"temphp": "",
				"secondwind": false,
				"deathsaves": 3,
				"deathsavefail": null,
				"deathsavebon": {
					"bonus": [{}],
					"value": 0
				},
				"bloodied": 0,
				"surgeValue": 0,
				"surgeBon": {
					"bonus": [{}],
					"value": 0
				},
				"surgeCur": null,
				"surgeDay": null,
				"surgeEnv": {
					"bonus": [{}],
					"value": 0
				},
				"secondwindbon": {
					"bonus": [{}],
					"value": 0
				},
				"saves": {
					"value": [],
					"custom": ""
				}
			},
			"languages": {
				"spoken": {
					"value": [],
					"custom": ""
				},
				"script": {
					"value": [],
					"custom": ""
				}
			},
			"senses": {
				"vision": {
					"value": [],
					"custom": ""
				},
				"special": {
					"value": [],
					"custom": ""
				},
				"notes": ""
			},
			"movement": {
				"basic": {
					"value": 0,
					"base": 6,
					"armour": 0,
					"bonus": [{}],
					"temp": 0
				},
				"charge": {
					"value": 0,
					"armour": 0,
					"bonus": [{}],
					"temp": 0
				},
				"run": {
					"value": 0,
					"armour": 0,
					"bonus": [{}],
					"misc": 0,
					"temp": 0
				},
				"notes": ""
			},
			"skills": {
				"acr": {
					"value": 0,
					"bonus": [{}],
					"ability": "dex",
					"chat": "@name uses @label."
				},
				"arc": {
					"value": 0,
					"bonus": [{}],
					"ability": "int",
					"chat": "@name uses @label."
				},
				"ath": {
					"value": 0,
					"bonus": [{}],
					"ability": "str",
					"chat": "@name uses @label."
				},
				"blu": {
					"value": 0,
					"bonus": [{}],
					"ability": "cha",
					"chat": "@name uses @label."
				},
				"dip": {
					"value": 0,
					"bonus": [{}],
					"ability": "cha",
					"chat": "@name uses @label."
				},
				"dun": {
					"value": 0,
					"bonus": [{}],
					"ability": "wis",
					"chat": "@name uses @label."
				},
				"end": {
					"value": 0,
					"bonus": [{}],
					"ability": "con",
					"chat": "@name uses @label."
				},
				"eng": {
					"value": 0,
					"bonus": [{}],
					"ability": "int",
					"chat": "@name uses @label."
				},
				"hea": {
					"value": 0,
					"bonus": [{}],
					"ability": "wis",
					"chat": "@name uses @label."
				},
				"his": {
					"value": 0,
					"bonus": [{}],
					"ability": "int",
					"chat": "@name uses @label."
				},
				"ins": {
					"value": 0,
					"bonus": [{}],
					"ability": "wis",
					"chat": "@name uses @label."
				},
				"itm": {
					"value": 0,
					"bonus": [{}],
					"ability": "cha",
					"chat": "@name uses @label."
				},
				"nat": {
					"value": 0,
					"bonus": [{}],
					"ability": "int",
					"chat": "@name uses @label."
				},
				"prc": {
					"value": 0,
					"bonus": [{}],
					"ability": "wis",
					"chat": "@name uses @label."
				},
				"pra": {
					"value": 0,
					"bonus": [{}],
					"ability": "wis",
					"chat": "@name uses @label."
				},
				"rel": {
					"value": 0,
					"bonus": [{}],
					"ability": "int",
					"chat": "@name uses @label."
				},
				"stl": {
					"value": 0,
					"bonus": [{}],
					"ability": "dex",
					"chat": "@name uses @label."
				},
				"stw": {
					"value": 0,
					"bonus": [{}],
					"ability": "cha",
					"chat": "@name uses @label."
				},
				"thi": {
					"value": 0,
					"bonus": [{}],
					"ability": "dex",
					"chat": "@name uses @label."
				}
			},
			"passive": {
				"pasprc": {
					"value": 0,
					"skill": "prc",
					"bonus": [{}]
				},
				"pasins": {
					"value": 0,
					"skill": "ins",
					"bonus": [{}]
				}
			},
			"resistences": {
				"damage": {
					"value": 0,
					"armour": 0,
					"temp": 0,
					"immune": false,
					"bonus": [{}]
				},
				"physical": {
					"value": 0,
					"armour": 0,
					"temp": 0,
					"immune": false,
					"bonus": [{}]
				},
				"acid": {
					"value": 0,
					"armour": 0,
					"temp": 0,
					"immune": false,
					"bonus": [{}]
				},
				"cold": {
					"value": 0,
					"armour": 0,
					"temp": 0,
					"immune": false,
					"bonus": [{}]
				},
				"fire": {
					"value": 0,
					"armour": 0,
					"temp": 0,
					"immune": false,
					"bonus": [{}]
				},
				"force": {
					"value": 0,
					"armour": 0,
					"temp": 0,
					"immune": false,
					"bonus": [{}]
				},
				"lightning": {
					"value": 0,
					"armour": 0,
					"temp": 0,
					"immune": false,
					"bonus": [{}]
				},
				"necrotic": {
					"value": 0,
					"armour": 0,
					"temp": 0,
					"immune": false,
					"bonus": [{}]
				},
				"poison": {
					"value": 0,
					"armour": 0,
					"temp": 0,
					"immune": false,
					"bonus": [{}]
				},
				"psychic": {
					"value": 0,
					"armour": 0,
					"temp": 0,
					"immune": false,
					"bonus": [{}]
				},
				"radiant": {
					"value": 0,
					"armour": 0,
					"temp": 0,
					"immune": false,
					"bonus": [{}]
				},
				"thunder": {
					"value": 0,
					"armour": 0,
					"temp": 0,
					"immune": false,
					"bonus": [{}]
				}
				
			},
			"encumbrance": {
				"value": null,
				"max": null
			},
			"currency": {
				"ad": 0,
				"pp": 0,
				"gp": 0,
				"sp": 0,
				"cp": 0
			},
			"ritualcomp": {
				"ad" : 0,
				"rh" : 0,
				"si" : 0,
				"mc" : 0
			},
			"attributes": {}			
		}
	},
	"Player Character": {
		"templates": ["common"]
	},
	"NPC": {
		"templates": ["common"]
	}	
},
"Item": {
    "types": ["weapon", "equipment", "consumable", "tool", "loot", "classFeats", "feat", "backpack", "raceFeats", "pathFeats", "destinyFeats", "ritual", "atwill", "encounter", "daily", "utility"],
    "templates": {
      "itemDescription": {
        "description": {
          "value": "",
          "chat": "",
          "unidentified": ""
        },
        "source": ""
      },
      "physicalItem": {
        "quantity": 1,
        "weight": 0,
        "price": 0,
        "attuned": false,
        "equipped": false,
        "rarity": "",
        "identified": true
      },
      "activatedEffect": {
        "activation": {
          "type": "",
          "cost": 0,
          "condition": ""
        },
        "duration": {
          "value": null,
          "units": ""
        },
        "target": {
          "value": null,
		  "width": null,
          "units": "",
          "type": ""
        },
        "range": {
          "value": null,
          "long": null,
          "units": ""
        },
        "uses": {
          "value": 0,
          "max": 0,
          "per": null
        },
        "consume": {
          "type": "",
          "target": null,
          "amount": null
        }
      },
      "action": {
        "ability": null,
        "actionType": null,
        "attackBonus": 0,
        "chatFlavor": "",
        "critical": null,
        "damage": {
          "parts": [],
          "versatile": ""
        },
        "formula": "",
        "save": {
          "ability": "",
          "dc": null,
          "scaling": "spell"
        }
      },
      "mountable": {
        "armour": {
          "value": 10
        },
        "hp": {
          "value": 0,
          "max": 0,
          "dt": null,
          "conditions": ""
        }
      }
    },
    "backpack": {
      "templates": ["itemDescription", "physicalItem"],
      "capacity": {
        "type": "weight",
        "value": 0,
        "weightless": false
      },
      "currency": {
        "cp": 0,
        "sp": 0,
        "ep": 0,
        "gp": 0,
        "pp": 0
      }
    },
    "classFeats": {
      "templates": ["itemDescription"],
	  "class": "",
      "hitFistLevel": 10,
      "hitPerLevel": 5,
      "surgePerDay": 5,
      "skills": {
        "number": 2,
        "choices": [],
        "value": []
      },
	  "def": {
		"ac": 0,
		"fort": 0,
		"ref": 0,
		"wil": 0
	  },
	  "proficiencies": {
		"weapons": [],
		"armour": []
	  }
    },
    "consumable": {
      "templates": ["itemDescription", "physicalItem", "activatedEffect", "action"],
      "consumableType": "potion",
      "uses": {
        "autoDestroy": false
      }
    },
    "equipment": {
      "templates": ["itemDescription", "physicalItem", "activatedEffect", "action", "mountable"],
      "armour": {
        "type": "light",
        "value": 10,
        "dex": null
      },
      "speed": {
        "value": null,
        "conditions": ""
      },
      "strength": 0,
      "stealth": false,
      "proficient": true
    },
    "feat": {
      "templates": ["itemDescription", "activatedEffect", "action"],
      "requirements": "",
      "recharge": {
        "value": null,
        "charged": false
      }
    },
    "loot": {
      "templates": ["itemDescription", "physicalItem"]
    },
    "tool": {
      "templates": ["itemDescription", "physicalItem"],
      "ability": "int",
      "chatFlavor": "",
      "proficient": 0
    },
    "weapon": {
      "templates": ["itemDescription", "physicalItem" ,"activatedEffect", "action", "mountable"],
      "weaponType": "simpleM",
	  "Hand": "HMain",
      "properties": {},
      "proficient": true,
	  
	  "profBonus": 0,
	  "enhance": 0,
	  "isRanged": false,
	  "range": {"short": 5, "long": 10},
	  "diceNum": 0,
	  "diceDamage": 0,
	  "bonusAttack": 0,
	  "bonusDamage": 0,
	  "abilityModAttack": "str",
	  "abilityModDamage": "str",
	  "damageType": {"physical":true},
	  "attackForm": "1d20+@{profBonus}+@{abilityModAttack}+@{bonusAttack}+@{enhance}",
	  "damageForm": "@{diceNum}d@{diceDamage}+@{abilityModDamage}+@{bonusDamage}+@{enhance}",
	  "critDamageForm": "@{diceNum}*@{diceDamage}+@{abilityModDamage}+@{bonusDamage}+@{enhance}+(@{enhance}d6)",
	  "critRange": 20
    },
    "pathFeats": {
      "templates": ["itemDescription", "activatedEffect", "action"],
      "requirements": "",
      "recharge": {
        "value": null,
        "charged": false
      }
    },
    "destinyFeats": {
      "templates": ["itemDescription", "activatedEffect", "action"],
      "requirements": "",
      "recharge": {
        "value": null,
        "charged": false
      }
    },
    "ritual": {
      "templates": ["itemDescription", "activatedEffect", "action"],
      "requirements": "",
      "recharge": {
        "value": null,
        "charged": false
      }
    },
	"atwill": {
		"templates": ["itemDescription", "physicalItem"],
		"keyWords": ["At-Will"],
		"actionType": "standard",
		"range": "melee",
		"target": "One Creature",
		"attack": ["str", "ac"],
		"hit": "",
		"effect": "",
		"miss": "",
		"special": ""
	},
	"encounter": {
		"templates": ["itemDescription", "physicalItem"],
		"keyWords": ["Encounter"],
		"actionType": "standard",
		"range": "melee",
		"target": "One Creature",
		"attack": ["str", "ac"],
		"hit": "",
		"effect": "",
		"miss": "",
		"special": ""
	},
	"daily": {
		"templates": ["itemDescription", "physicalItem"],
		"keyWords": ["Daily"],
		"actionType": "standard",
		"range": "melee",
		"target": "One Creature",
		"attack": ["str", "ac"],
		"hit": "",
		"effect": "",
		"miss": "",
		"special": ""
	},
	"utility": {
		"templates": ["itemDescription", "physicalItem"],
		"keyWords": ["Encounter"],
		"actionType": "standard",
		"range": "melee",
		"target": "One Creature",
		"attack": ["str", "ac"],
		"hit": "",
		"effect": "",
		"miss": "",
		"special": ""
	}
  }
}
